first_name,last_name,department_id:id,login,password
"John","Mucher","cpm_dep_hcm_1","mucher","123"
"Mike","Pusht","cpm_dep_hcm_1","pusht","123"
"Gery","Podomi","cpm_dep_hcm_1","podomi","123"
"Lucy","Smith","cpm_dep_hcm_1","smith","123"
"John","Doe","cpm_dep_hn_3","doe","123"
"Alice","Cooper","cpm_dep_hn_3","cooper","123"
"Robert","Johnson","cpm_dep_hn_3","johnson","123"
"Emily","Davis","cpm_dep_hn_2","davis","123"
"Michael","Brown","cpm_dep_hn_2","brown","123"
"Sarah","Wilson","cpm_dep_hn_2","wilson","123"
"James","Lee","cpm_dep_hcm_2","lee","123"
"Jessica","Kim","cpm_dep_hcm_2","kim","123"
"Charles","Taylor","cpm_dep_hcm_2","taylor","123"
"Karen","Anderson","cpm_dep_hcm_2","anderson","123"
"David","Thomas","cpm_dep_hcm_2","thomas","123"
"Nancy","Moore","cpm_dep_hcm_2","moore","123"
"Brian","Jackson","cpm_dep_hcm_2","jackson","123"
"Mary","White","cpm_dep_hcm_2","white","123"
"Kevin","Harris","cpm_dep_hn_1","harris","123"
"Linda","Martin","cpm_dep_hn_1","martin","123"
"Paul","Thompson","cpm_dep_hn_1","thompson","123"
"Laura","Garcia","cpm_dep_qa_hn","garcia","123"
"Richard","Martinez","cpm_dep_qa_hn","martinez","123"
"Angela","Robinson","cpm_dep_qa_hn","robinson","123"
"Thomas","Clark","cpm_dep_pm_hn","clark","123"
"Barbara","Rodriguez","cpm_dep_pm_hn","rodriguez","123"
"Steven","Lewis","cpm_dep_pm_hn","lewis","123"
"Patricia","Walker","cpm_dep_pm_hcm","walker","123"
"Mark","Young","cpm_dep_pm_hcm","young","123"
"Sandra","Allen","cpm_dep_pm_hcm","allen","123"
"Joseph","King","cpm_dep_qa_hcm","king","123"
"Lisa","Wright","cpm_dep_qa_hcm","wright","123"
"George","Scott","cpm_dep_qa_hcm","scott","123"
"Betty","Green","cpm_dep_hcm_3","green","123"
"Daniel","Baker","cpm_dep_hcm_3","baker","123"
"Jennifer","Adams","cpm_dep_hcm_3","adams","123"
"Frank","Perez","cpm_dep_hcm_3","perez","123"
"Donna","Campbell","cpm_dep_hcm_3","campbell","123"
"Gary","Parker","cpm_dep_hcm_3","parker","123"
"Michelle","Evans","cpm_dep_hcm_3","evans","123"
"Jason","Edwards","cpm_dep_hcm_3","edwards","123"